id;name;api_url;api_key;status_code;description;created_at;updated_at
0ece201b-27dd-4fb0-85c6-d999c4951c0e;inasmuch jazz or;before indeed;ouch bah;segregate potentiall;../fake-data/blob/hipster.txt;2025-09-10T15:56:20;2025-09-10T09:40:10
c1bc9a67-7062-4ba6-a5f0-49add910829d;yum drain;serve camouflage phooey;overcooked what certainly;pfft pro;../fake-data/blob/hipster.txt;2025-09-11T04:59:11;2025-09-10T16:40:38
66de69bb-ae9b-41dc-bb05-379d3893a810;lest yieldingly mantua;condense filthy shrilly;calculus question;request;../fake-data/blob/hipster.txt;2025-09-10T11:48:17;2025-09-10T21:18:13
61d49a67-2bb6-472f-b86f-e1710f430f7f;plus apprehensive;kosher sense;corny;consequently whose;../fake-data/blob/hipster.txt;2025-09-11T02:15:22;2025-09-10T13:52:52
dcd4bf80-22ef-48b3-920f-ca533d5b762e;unnaturally;exasperation finally fathom;hm enthusiastically sashay;whereas huzzah up;../fake-data/blob/hipster.txt;2025-09-11T03:49:08;2025-09-10T06:03:03
411e4c21-0a98-47db-9fe4-2b1238b223ee;yahoo naturally relaunch;though;favorable phew times;even taxicab notwith;../fake-data/blob/hipster.txt;2025-09-10T21:27:00;2025-09-11T05:07:27
1d171750-88be-4306-934a-980648fdd9cd;plus boss up;hourly;overcoat nor drive;coaxingly edible;../fake-data/blob/hipster.txt;2025-09-11T03:23:07;2025-09-10T06:11:01
82f261cc-30f6-4486-932a-65efa081101a;bah banish;leap tool gruesome;dock phew er;yearningly;../fake-data/blob/hipster.txt;2025-09-11T03:10:38;2025-09-11T03:05:17
eebe3a1e-b9e0-4783-8794-942d30e5256b;so what;tomatillo till;wherever quart;small;../fake-data/blob/hipster.txt;2025-09-11T00:55:13;2025-09-10T23:04:28
e2728c42-f695-44a9-ab03-202e7a54d5fa;lest um indelible;gallery muffled;pish slide academics;hence swim;../fake-data/blob/hipster.txt;2025-09-11T02:05:27;2025-09-11T03:48:21
